product_id,product_name,product_type,description,short_description,image_url,product_category,base_price,vat_price,unit_amount,vat_rate,currency,is_active,country_code,emoji,subtitle,is_featured,button_text
personal_profiling_quiz_fr,Personal Profiling Quiz,single_quiz,Discover your personal profile with our comprehensive quiz,Personal profiling quiz,,personality_assessment,792,198,990,20.00,eur,FALSE,FR,🧠,Découvrez votre profil personnel unique,TRUE,Commencer mon évaluation
professional_profiling_quiz_fr,Professional Profiling Quiz,single_quiz,Evaluate your professional profile and skills,Professional profiling quiz,,career_assessment,1592,398,1990,20.00,eur,FALSE,FR,💼,Évaluez vos compétences professionnelles,FALSE,Démarrer mon bilan
profiling_bundle_fr,Complete Profiling Pack,bundle,Complete pack including personal and professional profiling,Complete Profiling Pack,,profiling_bundle,2392,598,2990,20.00,eur,FALSE,FR,🔄,L'analyse complète de votre profil personnel et professionnel,FALSE,Choisir ce pack complet
personal_profiling_quiz_en,Personal Profiling Quiz - International,single_quiz,Discover your personal profile with our comprehensive quiz,Personal profiling quiz,,personality_assessment,2417,483,2900,20.00,eur,FALSE,EN,🧠,Discover your unique personal profile,TRUE,Start my assessment
profiling_bundle_en,Premium International Pack,bundle,Complete profiling pack with both personal and professional assessments,Premium Profiling Pack,,profiling_bundle,4083,817,4900,20.00,eur,FALSE,EN,🔄,The complete analysis of your personal and professional profile,FALSE,Choose this complete package
coaching_1h_fr,Boussole Pro: Session de Coaching Carrière,coaching,Une session de coaching personnalisée + une feuille de route détaillée pour clarifier votre avenir professionnel,1h pour transformer vos questions en actions,,career_coaching,1583,317,1900,20.00,eur,FALSE,FR,🧭,1h pour transformer vos questions en actions,FALSE,Réserver ma session maintenant
coaching_3h_fr,Programme Horizon: Pack 3 Sessions,coaching,Un programme complet d'accompagnement sur 3 mois pour transformer durablement votre carrière,3 sessions pour une transformation en profondeur,,career_coaching,4083,817,4900,20.00,eur,TRUE,FR,🚀,Accompagnement sur 3 mois pour une transformation durable,FALSE,Commencer mon programme
pack_clarte_fr,Pack Clarté,coaching,"Une vraie conversation, un diagnostic précis, un plan d'action solide. Le tout livré en moins de 72h pour transformer vos envies en décisions concrètes.","Le Pack Clarté pour clarifier votre parcours professionnel",https://images.tilto.co/production/2025/05/b5773d04_assets_task_01jvqfx6fyf9jrzybcb42b4mxc_1747766461_img_0.webp,career_coaching,15830,3170,19000,20.00,eur,TRUE,FR,📅,"Vous savez que vous voulez bouger. On vous aide à tracer votre vrai chemin.",TRUE,Découvrir le Pack Clarté
tilto_analysis,Analyse Tilto,single_quiz,Une analyse complète de votre profil professionnel pour clarifier votre parcours,Découvrez votre potentiel avec une analyse personnalisée,,career_assessment,792,198,990,20.00,eur,TRUE,FR,🎯,Clarifiez votre avenir professionnel,FALSE,Démarrer mon analyse
pack_smart_contact_fr,Pack Smart Contact,smart_contact,"10 prises de contact stratégiques : entreprises ciblées, contacts clés identifiés, messages personnalisés prêts à envoyer",10 contacts stratégiques pour accéder au marché caché,,smart_contact,4158,832,4990,20.00,eur,TRUE,FR,🎯,Accédez au marché caché de l'emploi,TRUE,Activer ma prospection
bilan_carriere_express_fr,Bilan Carrière Express,coaching,"Un entretien exploratoire guidé de 45 min avec un expert + ta feuille de route carrière personnalisée (20+ pages) avec tes 3 meilleurs choix pro, livrés en 48h.","Entretien 45 min + feuille de route carrière & 3 meilleurs choix pro — livré en 48h",https://images.tilto.co/production/2026/03/eaf012fe_visio.webp,career_coaching,11583,2317,14900,20.00,eur,TRUE,FR,🧭,"Ne perds pas 3 mois et ton CPF. Remets-toi en mouvement en 48h.",TRUE,Je commence mon bilan