question_id,question_type,max_character_input,min_choices,max_choices,parent_question_id,condition_value,is_conditional,question_text,question_category,question_description,hint,media_type,media_url,next_question_id,choice_value,choice_text,choice_description,additional_info,country_code,choice_media_url,choice_media_type,is_active
1,select,,,,,,FALSE,"🎂 ""Quel âge avez vous ?""",socio_geo,"""Votre âge est utilisé pour nous aider à mieux vous cerner""",L'âge c'est dans la tête !,,,,1,"""18-24 ans""",,petite astuce : prend l'année de ta naissance !,FR,,,TRUE
1,select,,,,,,FALSE,"🎂 ""Quel âge avez vous ?""",socio_geo,"""Votre âge est utilisé pour nous aider à mieux vous cerner""",L'âge c'est dans la tête !,,,,2,"""25-34 ans""",,,FR,,,TRUE
1,select,,,,,,FALSE,"🎂 ""Quel âge avez vous ?""",socio_geo,"""Votre âge est utilisé pour nous aider à mieux vous cerner""",L'âge c'est dans la tête !,,,,3,"""35-44 ans""",,,FR,,,TRUE
1,select,,,,,,FALSE,"🎂 ""Quel âge avez vous ?""",socio_geo,"""Votre âge est utilisé pour nous aider à mieux vous cerner""",L'âge c'est dans la tête !,,,,4,"""45+ ans""",,,FR,,,TRUE
2,select,,,,,,FALSE,"""Quelle option vous représente le mieux ?""",personal_profile,"""Ces informations seront utilisées pour personnaliser nos recommandations""",,,,,1,""" 👩‍🦰 Femme""",,,FR,,,TRUE
2,select,,,,,,FALSE,"""Quelle option vous représente le mieux ?""",personal_profile,"""Ces informations seront utilisées pour personnaliser nos recommandations""",,,,,2,""" 👨‍🦰 Homme""",,,FR,,,TRUE
2,select,,,,,,FALSE,"""Quelle option vous représente le mieux ?""",personal_profile,"""Ces informations seront utilisées pour personnaliser nos recommandations""",,,,,3,""" 🧑 Je ne préfère pas dire""",,,FR,,,TRUE
2,select,20,,,,,FALSE,"""Quelle option vous représente le mieux ?""",personal_profile,"""Ces informations seront utilisées pour personnaliser nos recommandations""",,,,,4,"""Autres""",,,FR,,,TRUE
3,select,,,,,,FALSE,"""Quel est le moteur principal dans ta vie actuellement (en un verbe) ?""",motivation,,,,,,1,"""Aimer""","""Ce qui me motive, c'est de bâtir des relations solides avec mes amis et ma famille, partager des moments d'affection et de soutien.""",,FR,,,TRUE
3,select,,,,,,FALSE,"""Quel est le moteur principal dans ta vie actuellement (en un verbe) ?""",motivation,,,,,,2,"""Connecter""","""Je me sens vivant lorsque je tisse des liens avec des personnes nouvelles, que ce soit en discutant de sujets profonds ou en collaborant sur des projets.""",,FR,,,TRUE
3,select,,,,,,FALSE,"""Quel est le moteur principal dans ta vie actuellement (en un verbe) ?""",motivation,,,,,,3,"""Créer""","""J'adore donner forme à mes idées, que ce soit à travers l'art, la cuisine, ou en développant de nouveaux projets professionnels. C’est en créant que je me sens vraiment accompli.""",,FR,,,TRUE
3,select,,,,,,FALSE,"""Quel est le moteur principal dans ta vie actuellement (en un verbe) ?""",motivation,,,,,,4,"""Explorer ""","""Ce qui m’anime, c'est de découvrir de nouveaux lieux ou de nouvelles cultures. Que ce soit en voyageant ou en essayant des activités inédites, j’aime sortir de ma zone de confort. """,,FR,,,TRUE
3,select,,,,,,FALSE,"""Quel est le moteur principal dans ta vie actuellement (en un verbe) ?""",motivation,,,,,,5,"""Apprendre""","""Ce qui me motive chaque jour, c'est d'apprendre quelque chose de nouveau, que ce soit à travers des livres, des podcasts ou des cours en ligne. J'aime être en constante évolution. """,,FR,,,TRUE
3,select,,,,,,FALSE,"""Quel est le moteur principal dans ta vie actuellement (en un verbe) ?""",motivation,,,,,,6,"""Analyser""","""J'adore prendre du recul pour comprendre les situations complexes, résoudre des problèmes, et réfléchir de manière logique à ce qui se passe autour de moi.""",,FR,,,TRUE
3,select,10,,,,,FALSE,"""Quel est le moteur principal dans ta vie actuellement (en un verbe) ?""",motivation,,,,,,7,"""Autre""","""Pas de réponse, propose un autre moteur (verbe). Exemple: Manager""",,FR,,,TRUE
4,free_text,500,,,,,FALSE,"""Explique en quoi le verbe « Explore » reflète-t-il le moteur principal de ta vie actuellement ? Peux-tu donner un exemple concret ou une situation récente qui montre comment ce moteur influence tes actions au quotidien ? """,motivation,,,,,,1,,,,FR,,,TRUE
5,multi_select,,1,4,,,FALSE,"""Quels sont tes passe-temps favoris ?""",hobbies,,,,,,1,"""Créer de l'art, de la musique, ou d'autres formes d'expression artistiques""",,,FR,,,TRUE
5,multi_select,,1,4,,,FALSE,"""Quels sont tes passe-temps favoris ?""",hobbies,,,,,,2,"""Pratiquer un sport, méditer ou faire du yoga""",,,FR,,,TRUE
5,multi_select,,1,4,,,FALSE,"""Quels sont tes passe-temps favoris ?""",hobbies,,,,,,3,"""Lire des livres ou apprendre de nouvelles choses""",,,FR,,,TRUE
5,multi_select,,1,4,,,FALSE,"""Quels sont tes passe-temps favoris ?""",hobbies,,,,,,4,"""Jouer à des jeux vidéo ou explorer des mondes virtuels""",,,FR,,,TRUE
5,multi_select,,1,4,,,FALSE,"""Quels sont tes passe-temps favoris ?""",hobbies,,,,,,5,"""Travailler sur des projets personnels ou communautaires""",,,FR,,,TRUE
5,multi_select,,1,4,,,FALSE,"""Quels sont tes passe-temps favoris ?""",hobbies,,,,,,6,"""Passer du temps et m’occuper de ma famille""",,,FR,,,TRUE
5,multi_select,,1,4,,,FALSE,"""Quels sont tes passe-temps favoris ?""",hobbies,,,,,,7,"""Je n’ai pas de passe-temps, je suis trop occupé pour le moment""",,,,,,TRUE
5,multi_select,300,1,4,,,FALSE,"""Quels sont tes passe-temps favoris ?""",hobbies,,,,,,8,"""Autre""","""Ton passe temps ne figure pas sur la liste? Ecris le ici ! Exemple: Cuisiner de bon petits plats""",,FR,,,TRUE
6,free_text,500,,,,,FALSE,"""Précise tes passe-temps favoris et pourquoi sont-ils important pour toi. Tu peux décrire comment il te font te sentir ou ce qu'ils t'apportent au quotidien.""",hobbies,,,,,,1,,,,FR,,,TRUE
7,select,,,,,,FALSE,"""Combien de temps consacres-tu à ton passe-temps par semaine ?""",hobbies,,,,,,1,"""Je m’y consacre dès que j’ai un moment de libre, je peux y passer plusieurs heures
 par jour.""",,,FR,,,TRUE
7,select,,,,,,FALSE,"""Combien de temps consacres-tu à ton passe-temps par semaine ?""",hobbies,,,,,,2,"""J’y consacre plusieurs heures par semaine, généralement en soirée ou le
 week-end""",,,FR,,,TRUE
7,select,,,,,,FALSE,"""Combien de temps consacres-tu à ton passe-temps par semaine ?""",hobbies,,,,,,3,"""Je m’y mets quand j’ai un peu de temps, mais il m’arrive de passer des semaines
 sans y toucher.""",,,FR,,,TRUE
7,select,,,,,,FALSE,"""Combien de temps consacres-tu à ton passe-temps par semaine ?""",hobbies,,,,,,4,"""J’y pense souvent, mais je n’arrive pas toujours à trouver le temps ou la motivation
 pour m’y mettre.""",,,FR,,,TRUE
7,select,,,,,,FALSE,"""Combien de temps consacres-tu à ton passe-temps par semaine ?""",hobbies,,,,,,5,"""Je n’ai pratiquement pas de temps pour ça en ce moment, je suis trop pris par
 d’autres obligations.""",,,FR,,,TRUE
7,select,500,,,,,FALSE,"""Combien de temps consacres-tu à ton passe-temps par semaine ?""",hobbies,,,,,,6,"""Je commence souvent mais j’ai du mal à finir ce que je commence, ça reste souvent
 en pause.""",,,FR,,,TRUE
8,multi_select,,1,4,,,FALSE,"""Quelles sont les valeurs qui te sont les plus importantes ?""",personal_profile,,,,,,1,"""Empathie et bienveillance""","""Je crois fermement que l’écoute et le soutien des autres sont essentiels. J’essaie toujours d’être là pour mes proches et de comprendre leurs émotions, même quand ils ne les expriment pas clairement.""",,FR,,,TRUE
8,multi_select,,1,4,,,FALSE,"""Quelles sont les valeurs qui te sont les plus importantes ?""",personal_profile,,,,,,2,"""Performance et efficacité""","""Je suis toujours en train de viser la prochaine étape, que ce soit dans ma carrière ou dans ma vie personnelle. Pour moi, la réussite est synonyme de progression constante et d'atteinte de nouveaux objectifs.""",,FR,,,TRUE
8,multi_select,,1,4,,,FALSE,"""Quelles sont les valeurs qui te sont les plus importantes ?""",personal_profile,,,,,,3,"""Créativité et innovation""","""J’adore sortir des sentiers battus et essayer des approches nouvelles. Que ce soit pour résoudre un problème ou inventer quelque chose de complètement nouveau, c’est l’aspect créatif qui me motive.""",,FR,,,TRUE
8,multi_select,,1,4,,,FALSE,"""Quelles sont les valeurs qui te sont les plus importantes ?""",personal_profile,,,,,,4,"""Plaisir et équilibre de vie""","""Pour moi, il est important de profiter de la vie et de trouver un bon équilibre entre travail et moments de détente. J’essaie de ne pas me prendre trop au sérieux et de savourer les petits plaisirs du quotidien.""",,FR,,,TRUE
8,multi_select,300,,,,,FALSE,"""Quelles sont les valeurs qui te sont les plus importantes ?""",personal_profile,,,,,,5,"""Autre""","""Tu ne retrouves pas les valeurs dans cette liste? Ecris les ici ! - Exemple: “Engagement social et environnemental”, “Stabilité et sécurité""",,FR,,,TRUE
9,select,,,,,,FALSE,"""Et si tu devais choisir une caractéristique dans la liste pour te décrire ?""",personal_profile,,,,,,1,"""Créatif et curieux""","""J'aime explorer de nouvelles idées et sortir des sentiers battus. Je suis souvent attiré par des activités artistiques ou innovantes.""",,FR,,,TRUE
9,select,,,,,,FALSE,"""Et si tu devais choisir une caractéristique dans la liste pour te décrire ?""",personal_profile,,,,,,2,"""Organisé et méthodique""","""J'aime planifier les choses à l'avance et je suis attentif aux détails. J'apprécie l'ordre et la structure dans mon quotidien.""",,FR,,,TRUE
9,select,,,,,,FALSE,"""Et si tu devais choisir une caractéristique dans la liste pour te décrire ?""",personal_profile,,,,,,3,"""Énergique et sociable""","""J'adore interagir avec les autres et je me sens à l'aise dans les environnements sociaux. J'ai tendance à être actif et à prendre des initiatives.""",,FR,,,TRUE
9,select,,,,,,FALSE,"""Et si tu devais choisir une caractéristique dans la liste pour te décrire ?""",personal_profile,,,,,,4,"""Réfléchi et calme""","""Je prends le temps de réfléchir avant d'agir. Je préfère souvent les moments de tranquillité et j'ai une approche posée des situations.""",,FR,,,TRUE
9,select,,,,,,FALSE,"""Et si tu devais choisir une caractéristique dans la liste pour te décrire ?""",personal_profile,,,,,,5,"""Empathique et bienveillant""","""Je suis attentif aux émotions des autres et je cherche à aider quand je peux. Les relations humaines et le soutien mutuel sont importants pour moi.""",,FR,,,TRUE
9,select,300,,,,,FALSE,"""Et si tu devais choisir une caractéristique dans la liste pour te décrire ?""",personal_profile,,,,,,6,"""Autre""","""Tu ne te retrouves pas dans cette liste de profils ? Décris-toi ici ! Exemple: “Ambitieux et déterminé”, “Flexible et adaptable""",,FR,,,TRUE
10,select,,,,,,FALSE,"""Si tu pouvais réaliser tes rêves, à quoi ressemblerait ta vie professionnelle idéale ? Quel est ce rêve, qu'il soit caché ou assumé ?""",aspirations,,,,,,1,"""Devenir expert dans mon domaine""","""Je rêve de devenir une référence dans mon secteur, que tout le monde consulte pour des conseils ou des solutions. Je m’imagine partager mes connaissances dans des conférences ou des projets à fort impact.""",,FR,,,TRUE
10,select,,,,,,FALSE,"""Si tu pouvais réaliser tes rêves, à quoi ressemblerait ta vie professionnelle idéale ? Quel est ce rêve, qu'il soit caché ou assumé ?""",aspirations,,,,,,2,"""Fonder ma propre entreprise""","""Mon rêve est de créer ma propre entreprise, un projet qui me ressemble à 100%. Je m’imagine à la tête d’une équipe passionnée, développant une idée innovante et portant ma vision.""",,FR,,,TRUE
10,select,,,,,,FALSE,"""Si tu pouvais réaliser tes rêves, à quoi ressemblerait ta vie professionnelle idéale ? Quel est ce rêve, qu'il soit caché ou assumé ?""",aspirations,,,,,,3,"""Travailler tout en voyageant à travers le monde""","""Je rêve d’une vie professionnelle nomade, où je pourrais travailler depuis n’importe quel endroit du globe. Je m’imagine découvrir de nouveaux pays tout en gérant mes projets à distance.""",,FR,,,TRUE
10,select,,,,,,FALSE,"""Si tu pouvais réaliser tes rêves, à quoi ressemblerait ta vie professionnelle idéale ? Quel est ce rêve, qu'il soit caché ou assumé ?""",aspirations,,,,,,4,"""Contribuer à un projet à impact social ou environnemental""","""Je rêve de travailler pour une cause qui a un impact réel sur le monde, que ce soit dans l’écologie, la justice sociale, ou l’éducation. Je m’imagine apporter ma pierre à l’édifice dans un projet qui fait une différence.""",,FR,,,TRUE
10,select,,,,,,FALSE,"""Si tu pouvais réaliser tes rêves, à quoi ressemblerait ta vie professionnelle idéale ? Quel est ce rêve, qu'il soit caché ou assumé ?""",aspirations,,,,,,5,"""Avoir une carrière équilibrée, qui laisse du temps pour moi et ma famille""","""Je rêve d’un travail qui me passionne, mais qui me permet aussi de profiter pleinement de ma vie personnelle. Je m’imagine trouver cet équilibre parfait où je peux concilier carrière et moments précieux avec mes proches.""",,FR,,,TRUE
10,select,300,,,,,FALSE,"""Si tu pouvais réaliser tes rêves, à quoi ressemblerait ta vie professionnelle idéale ? Quel est ce rêve, qu'il soit caché ou assumé ?""",aspirations,,,,,,6,"""Autre""","""Tu ne te retrouves pas ton rêve dans cette liste ? Ecris-le ici ! Exemple: “Monter les échelons d'une grande entreprise”, “Contribuer à un projet à impact social ou environnemental”, “Avoir un métier créatif et artistique""",,FR,,,TRUE
11,free_text,800,,,,,FALSE,"""Quels ont été les moments décisifs dans ton orientation professionnelle et leur impact sur ta vie ? Indique entre 1-3 moments.""",background,,,,,,1,,,,FR,,,TRUE
12,multi_select,,,,,,FALSE,"""Basé sur vos réponses précédentes, comment prends-tu tes décisions et choix d’orientation professionnels ?""",decision_making,,,,,,1,"""Mon intuition guide mes choix""","""Je vais suivre une voie à partir de mon ressenti""",,FR,,,TRUE
12,multi_select,,,,,,FALSE,"""Basé sur vos réponses précédentes, comment prends-tu tes décisions et choix d’orientation professionnels ?""",decision_making,,,,,,2,"""Je vais vers la première idée qui me vient""",,,FR,,,TRUE
12,multi_select,,,,,,FALSE,"""Basé sur vos réponses précédentes, comment prends-tu tes décisions et choix d’orientation professionnels ?""",decision_making,,,,,,3,"""Je prends le temps""",“j'étudie toutes les options avec soin avant de choisir”,,FR,,,TRUE
12,multi_select,,,,,,FALSE,"""Basé sur vos réponses précédentes, comment prends-tu tes décisions et choix d’orientation professionnels ?""",decision_making,,,,,,4,"""J'écoute surtout l’avis des autres""",,,FR,,,TRUE
12,multi_select,,,,,,FALSE,"""Basé sur vos réponses précédentes, comment prends-tu tes décisions et choix d’orientation professionnels ?""",decision_making,,,,,,5,"""Je me fixe un objectif et je fais tout pour l’atteindre""",,,FR,,,TRUE
12,multi_select,,,,,,FALSE,"""Basé sur vos réponses précédentes, comment prends-tu tes décisions et choix d’orientation professionnels ?""",decision_making,,,,,,6,"""J'écoute mon cœur, mes valeurs""",,,FR,,,TRUE
12,multi_select,,,,,,FALSE,"""Basé sur vos réponses précédentes, comment prends-tu tes décisions et choix d’orientation professionnels ?""",decision_making,,,,,,7,"""J’écoute ma tête et rien d’autre""",,,FR,,,TRUE
12,multi_select,,,,,,FALSE,"""Basé sur vos réponses précédentes, comment prends-tu tes décisions et choix d’orientation professionnels ?""",decision_making,,,,,,8,"""J’attends la dernière minute""",,,FR,,,TRUE
12,multi_select,,,,,,FALSE,"""Basé sur vos réponses précédentes, comment prends-tu tes décisions et choix d’orientation professionnels ?""",decision_making,,,,,,9,"""Je n'ai pas vraiment eu le choix dans mes décisions""",,,FR,,,TRUE
12,multi_select,300,,,,,FALSE,"""Basé sur vos réponses précédentes, comment prends-tu tes décisions et choix d’orientation professionnels ?""",decision_making,,,,,,10,"""Autre""","""Tu ne te retrouves pas ta réponse dans cette liste ? Ecris-la ici !""",,FR,,,TRUE
13,select,,,,,,FALSE,"""Qu’est-ce qui pourrait t’empêcher de prendre une décision pour évoluer professionnellement ?""",decision_making,,,,,,1,"""Je doute beaucoup""","""J’ai souvent des doutes sur mes capacités ou la pertinence de mes choix, ce qui peut m’empêcher de prendre une décision ferme.""",,FR,,,TRUE
13,select,,,,,,FALSE,"""Qu’est-ce qui pourrait t’empêcher de prendre une décision pour évoluer professionnellement ?""",decision_making,,,,,,2,"""L’influence de mes proches et le regard des autres""","""Je crains que mes décisions ne soient pas comprises ou approuvées par mes proches, ce qui peut me freiner dans mes choix professionnels.""",,FR,,,TRUE
13,select,,,,,,FALSE,"""Qu’est-ce qui pourrait t’empêcher de prendre une décision pour évoluer professionnellement ?""",decision_making,,,,,,3,"""La peur de ne pas pouvoir revenir en arrière""","""J’ai peur que, si je fais un mauvais choix, il soit difficile voire impossible de revenir en arrière.""",,FR,,,TRUE
13,select,,,,,,FALSE,"""Qu’est-ce qui pourrait t’empêcher de prendre une décision pour évoluer professionnellement ?""",decision_making,,,,,,4,"""Le manque de sécurité financière""","""Changer ou évoluer professionnellement pourrait mettre en danger ma stabilité financière, et c’est un risque que j’ai du mal à accepter.""",,FR,,,TRUE
13,select,,,,,,FALSE,"""Qu’est-ce qui pourrait t’empêcher de prendre une décision pour évoluer professionnellement ?""",decision_making,,,,,,5,"""Le manque de confiance en moi""","""Je ne me sens pas toujours sûr(e) de moi et cela m’empêche parfois de passer à l’action.""",,FR,,,TRUE
13,select,,,,,,FALSE,"""Qu’est-ce qui pourrait t’empêcher de prendre une décision pour évoluer professionnellement ?""",decision_making,,,,,,6,"""Le manque de visibilité sur l’avenir""","""Je ne sais pas exactement où cela me mènera, et cette incertitude me bloque souvent dans mes prises de décision.""",,FR,,,TRUE
13,select,,,,,,FALSE,"""Qu’est-ce qui pourrait t’empêcher de prendre une décision pour évoluer professionnellement ?""",decision_making,,,,,,7,"""Je suis bien dans ma situation actuelle""","""Je me sens à l’aise dans mon poste actuel, et je n’ai pas envie de prendre de risques, même pour évoluer.""",,FR,,,TRUE
13,select,300,,,,,FALSE,"""Qu’est-ce qui pourrait t’empêcher de prendre une décision pour évoluer professionnellement ?""",decision_making,,,,,,8,"""Autre""","""Tu ne te retrouves pas ta réponse dans cette liste ? Ecris-la ici !”",,FR,,,TRUE
14,select,,,,,,FALSE,"""En repensant à ton enfance ou adolescence, quelles sont les phrases que tu entendais souvent de la part de tes proches ? (Conseils, remarques, etc.)""",personal_profile,,,,,,1,"""""Ce n’est pas fait pour toi, tu devrais choisir quelque chose de plus stable.""""","""On m’a souvent conseillé de privilégier la sécurité plutôt que de prendre des risques, ce qui m’a parfois freiné(e) dans mes choix professionnels.""",,FR,,,TRUE
14,select,,,,,,FALSE,"""En repensant à ton enfance ou adolescence, quelles sont les phrases que tu entendais souvent de la part de tes proches ? (Conseils, remarques, etc.)""",personal_profile,,,,,,2,"""""Tu devrais toujours viser la perfection.""""","""J’entendais souvent que tout ce que je faisais devait être parfait, ce qui me rend aujourd’hui hésitant(e) à prendre des décisions par peur de l’échec.""",,FR,,,TRUE
14,select,,,,,,FALSE,"""En repensant à ton enfance ou adolescence, quelles sont les phrases que tu entendais souvent de la part de tes proches ? (Conseils, remarques, etc.)""",personal_profile,,,,,,3,"""""Bravo, mais tu peux faire encore mieux.""""",,,FR,,,TRUE
14,select,,,,,,FALSE,"""En repensant à ton enfance ou adolescence, quelles sont les phrases que tu entendais souvent de la part de tes proches ? (Conseils, remarques, etc.)""",personal_profile,,,,,,4,"""""Tu es trop rêveur(se), il faut être plus réaliste.""""","""On m’a souvent dit que mes rêves étaient irréalistes, ce qui a souvent freiné ma capacité à croire en mes projets.""",,FR,,,TRUE
14,select,,,,,,FALSE,"""En repensant à ton enfance ou adolescence, quelles sont les phrases que tu entendais souvent de la part de tes proches ? (Conseils, remarques, etc.)""",personal_profile,,,,,,5,"""""Il faut toujours faire passer la famille avant tout.""""","""J’ai grandi avec l’idée que la famille devait toujours passer en premier, ce qui m’a parfois freiné(e) dans mes ambitions personnelles et professionnelles.""",,FR,,,TRUE
14,select,,,,,,FALSE,"""En repensant à ton enfance ou adolescence, quelles sont les phrases que tu entendais souvent de la part de tes proches ? (Conseils, remarques, etc.)""",personal_profile,,,,,,6,"""""Il faut être fort(e) et ne pas montrer ses émotions.""""","""On m’a souvent dit qu'il ne fallait pas exprimer ses émotions et rester fort(e), ce qui m’a parfois poussé(e) à ne pas écouter mes besoins émotionnels dans mes décisions.""",,FR,,,TRUE
14,select,,,,,,FALSE,"""En repensant à ton enfance ou adolescence, quelles sont les phrases que tu entendais souvent de la part de tes proches ? (Conseils, remarques, etc.)""",personal_profile,,,,,,7,"""""Tu n’es pas assez intelligent(e) pour ça.""""","""J’entendais régulièrement que certaines choses étaient hors de ma portée intellectuelle, ce qui m’a souvent découragé(e) d’essayer des choses nouvelles ou ambitieuses.""",,FR,,,TRUE
14,select,300,,,,,FALSE,"""En repensant à ton enfance ou adolescence, quelles sont les phrases que tu entendais souvent de la part de tes proches ? (Conseils, remarques, etc.)""",personal_profile,,,,,,8,""" Autre""","""Tu ne te retrouves pas la phrase dans cette liste ? Ecris-la ici ! Exemple: ""Ne fais pas de vague, il vaut mieux rester discret(e).""",,FR,,,TRUE
15,free_text,300,,,,,FALSE,"""À ton avis, quels sont les différents impacts sur tes choix de vie professionnels ?""",professional_background,,,,,,1,,,,FR,,,TRUE
16,select,,,,,,FALSE,"""Es-tu en poste actuellement ?""",current_situation,,,,,,1,"""Oui""",,,FR,,,TRUE
16,select,,,,,,FALSE,"""Es-tu en poste actuellement ?""",current_situation,,,,,25,2,"""Non""",,,FR,,,TRUE
17,free_text,40,,,,,FALSE,"""Quel est ton poste actuel ?""",current_situation,,,,,,1,,,,FR,,,TRUE
18,select,,,,,,FALSE,"""Combien d’années d’expériences considères-tu avoir dans ce poste ?""",current_situation,,,,,,1,"""Moins de 1 an""","""Vous découvrez le métier et ses fondamentaux au quotidien.""",,FR,,,TRUE
18,select,,,,,,FALSE,"""Combien d’années d’expériences considères-tu avoir dans ce poste ?""",current_situation,,,,,,2,"""0-1 an""","""Vous commencez à être autonome sur les tâches basiques.""",,FR,,,TRUE
18,select,,,,,,FALSE,"""Combien d’années d’expériences considères-tu avoir dans ce poste ?""",current_situation,,,,,,3,"""1-2 ans""","""Vous maîtrisez les processus standards et gagnez en confiance.""",,FR,,,TRUE
18,select,,,,,,FALSE,"""Combien d’années d’expériences considères-tu avoir dans ce poste ?""",current_situation,,,,,,4,"""2-3 ans""","""Vous pouvez former les nouveaux et gérer des projets simples.""",,FR,,,TRUE
18,select,,,,,,FALSE,"""Combien d’années d’expériences considères-tu avoir dans ce poste ?""",current_situation,,,,,,5,"""3-4 ans""","""Vous êtes reconnu pour votre expertise technique dans l'équipe.""",,FR,,,TRUE
18,select,,,,,,FALSE,"""Combien d’années d’expériences considères-tu avoir dans ce poste ?""",current_situation,,,,,,6,"""4-6 ans""","""Vous supervisez des projets complexes et guidez vos collègues.""",,FR,,,TRUE
18,select,,,,,,FALSE,"""Combien d’années d’expériences considères-tu avoir dans ce poste ?""",current_situation,,,,,,7,"""6-8 ans""","""Vous avez une vision stratégique et influencez les décisions.""",,FR,,,TRUE
18,select,,,,,,FALSE,"""Combien d’années d’expériences considères-tu avoir dans ce poste ?""",current_situation,,,,,,8,"""8-10 ans""","""Vous êtes un référent technique capable d'innover dans votre domaine.""",,FR,,,TRUE
18,select,,,,,,FALSE,"""Combien d’années d’expériences considères-tu avoir dans ce poste ?""",current_situation,,,,,,9,"""10-12 ans""","""Vous êtes un référent technique capable d'innover dans votre domaine.""",,FR,,,TRUE
18,select,,,,,,FALSE,"""Combien d’années d’expériences considères-tu avoir dans ce poste ?""",current_situation,,,,,,10,"""12-15 ans""","""Vous pilotez la stratégie et développez de nouvelles approches.""",,FR,,,TRUE
18,select,,,,,,FALSE,"""Combien d’années d’expériences considères-tu avoir dans ce poste ?""",current_situation,,,,,,11,"""Plus de 15 ans""","""Vous avez une expertise globale qui vous permet d'anticiper les
 évolutions du secteur.""",,FR,,,TRUE
19,select,,,,,,FALSE,"""Dans quel secteur travailles-tu ?""",current_situation,,,,,,1,"""Technologie et informatique""","""Développement logiciel, cybersécurité, gestion des données, etc.""",,FR,,,TRUE
19,select,,,,,,FALSE,"""Dans quel secteur travailles-tu ?""",current_situation,,,,,,2,"""Finance et assurance""","""Banques, services financiers, gestion d'actifs, assurance, etc.""",,FR,,,TRUE
19,select,,,,,,FALSE,"""Dans quel secteur travailles-tu ?""",current_situation,,,,,,3,"""Santé et bien-être ""","""Médecine, soins infirmiers, industrie pharmaceutique, fitness, etc.""",,FR,,,TRUE
19,select,,,,,,FALSE,"""Dans quel secteur travailles-tu ?""",current_situation,,,,,,4,"""Commerce et distribution""","""Vente au détail, e-commerce, grande distribution, etc.""",,FR,,,TRUE
19,select,,,,,,FALSE,"""Dans quel secteur travailles-tu ?""",current_situation,,,,,,5,"""Éducation et formation""","""Enseignement, formation professionnelle, administration scolaire, etc.""",,FR,,,TRUE
19,select,,,,,,FALSE,"""Dans quel secteur travailles-tu ?""",current_situation,,,,,,6,"""Industrie et fabrication""","""Production manufacturière, ingénierie, gestion de la chaîne d'approvisionnement, etc.""",,FR,,,TRUE
19,select,,,,,,FALSE,"""Dans quel secteur travailles-tu ?""",current_situation,,,,,,7,"""Marketing, communication et médias""","""Publicité, relations publiques, médias sociaux, création de contenu, etc.""",,FR,,,TRUE
19,select,50,,,,,FALSE,"""Dans quel secteur travailles-tu ?""",current_situation,,,,,,8,"""Autre""","""Tu ne te retrouves pas ton secteur dans cette liste ? Ecris-le ici ! """,,FR,,,TRUE
20,select,,,,,,FALSE,"""Quel est ton statut professionnel ?""",current_situation,,,,,,1,"""Salarié""",,,FR,,,TRUE
20,select,,,,,,FALSE,"""Quel est ton statut professionnel ?""",current_situation,,,,,,2,"""Libéral""",,,FR,,,TRUE
20,select,,,,,,FALSE,"""Quel est ton statut professionnel ?""",current_situation,,,,,,3,"""Auto-entrepreneur""",,,FR,,,TRUE
20,select,,,,,,FALSE,"""Quel est ton statut professionnel ?""",current_situation,,,,,,4,"""Artisan""",,,FR,,,TRUE
20,select,,,,,,FALSE,"""Quel est ton statut professionnel ?""",current_situation,,,,,,5,"""Fonctionnaire""",,,FR,,,TRUE
20,select,20,,,,,FALSE,"""Quel est ton statut professionnel ?""",current_situation,,,,,,6,"""Autre""","""Tu ne te retrouves pas ton statut dans cette liste ? Ecris-le ici !""",,FR,,,TRUE
21,select,,,,,,FALSE,"""Dans quelle type d’entreprise travailles-tu ?""",current_situation,,,,,,1,"""Grande entreprise internationale""","""Une entreprise de plus de 500 employés avec une présence dans plusieurs pays et un rayonnement global.""",,FR,,,TRUE
21,select,,,,,,FALSE,"""Dans quelle type d’entreprise travailles-tu ?""",current_situation,,,,,,2,"""Grande entreprise nationale""","""Une entreprise de plus de 500 employés, principalement active au niveau national.""",,FR,,,TRUE
21,select,,,,,,FALSE,"""Dans quelle type d’entreprise travailles-tu ?""",current_situation,,,,,,3,"""Start-up en forte croissance""","""Une entreprise innovante, souvent technologique, avec un nombre d’employés qui peut dépasser 500 en phase d’hypercroissance, opérant soit à l'international soit au niveau national.""",,FR,,,TRUE
21,select,,,,,,FALSE,"""Dans quelle type d’entreprise travailles-tu ?""",current_situation,,,,,,4,"""Entreprise de taille moyenne""","""Une entreprise de 50 à 500 employés, avec une portée régionale, nationale, ou internationale.""",,FR,,,TRUE
21,select,,,,,,FALSE,"""Dans quelle type d’entreprise travailles-tu ?""",current_situation,,,,,,5,"""Petite entreprise / Freelance""","""Je travaille dans une petite entreprise de moins de 50 employés ou à mon compte en tant que freelance.""",,FR,,,TRUE
21,select,20,,,,,FALSE,"""Dans quelle type d’entreprise travailles-tu ?""",current_situation,,,,,,6,"""Autre""","""Tu ne te retrouves pas ton type d’entreprise dans cette liste ? Décris-la ici ! """,,FR,,,TRUE
22,select,,,,,,FALSE,"""Quel est ton type de contrat ?""",current_situation,,,,,,1,"""CDI""",,,FR,,,TRUE
22,select,,,,,,FALSE,"""Quel est ton type de contrat ?""",current_situation,,,,,,2,"""CDD""",,,FR,,,TRUE
22,select,,,,,,FALSE,"""Quel est ton type de contrat ?""",current_situation,,,,,,3,"""Freelance""",,,FR,,,TRUE
22,select,,,,,,FALSE,"""Quel est ton type de contrat ?""",current_situation,,,,,,4,"""Contrat d'intérim""",,,FR,,,TRUE
22,select,20,,,,,FALSE,"""Quel est ton type de contrat ?""",current_situation,,,,,,5,"""Autre ""","""Tu ne te retrouves pas ton contrat dans cette liste ? Ecris-le ici !""",,FR,,,TRUE
23,select,,,,,,FALSE,"""Quel est ton rythme de travail ?""",work_environment,,,,,,1,"""Temps plein (35-40 heures ou plus par semaine)""","""Je travaille à temps plein, avec une semaine de travail classique ou parfois plus, selon les besoins.""",,FR,,,TRUE
23,select,,,,,,FALSE,"""Quel est ton rythme de travail ?""",work_environment,,,,,,2,"""Temps partiel""","""Je travaille à temps partiel, avec des horaires réduits par rapport à un emploi à temps plein.""",,FR,,,TRUE
23,select,,,,,,FALSE,"""Quel est ton rythme de travail ?""",work_environment,,,,,,3,"""Travail en freelance / missions ponctuelles""","""Mon travail est basé sur des missions ponctuelles ou des contrats en freelance, avec un rythme de travail variable.""",,FR,,,TRUE
23,select,,,,,,FALSE,"""Quel est ton rythme de travail ?""",work_environment,,,,,,4,"""Travail flexible / à la demande""","""Je bénéficie d’un emploi avec des horaires flexibles ou je travaille en fonction des besoins, sans horaire fixe chaque semaine.""",,FR,,,TRUE
23,select,,,,,,FALSE,"""Quel est ton rythme de travail ?""",work_environment,,,,,,5,"""Travail à project-based / sur projets spécifiques""","""Je travaille principalement sur des projets ou des contrats spécifiques, ce qui fait que mon rythme de travail fluctue en fonction des deadlines ou des périodes chargées.""",,FR,,,TRUE
23,select,30,,,,,FALSE,"""Quel est ton rythme de travail ?""",work_environment,,,,,,6,"""Autre""","“Tu ne te retrouves pas ton rythme de travail dans cette liste ? Décris-le ici ! """,,FR,,,TRUE
24,select,,,,,,FALSE,"""Quelles sont tes modalités de télétravail ?""",work_environment,,,,,,1,"""100 % télétravail""","""Je travaille entièrement à distance, sans obligation de présence au bureau.""",,FR,,,TRUE
24,select,,,,,,FALSE,"""Quelles sont tes modalités de télétravail ?""",work_environment,,,,,,2,"""Télétravail partiel (quelques jours par semaine)""","""Je fais un mélange de télétravail et de présence au bureau, avec généralement 1 à 3 jours de télétravail par semaine.""",,FR,,,TRUE
24,select,,,,,,FALSE,"""Quelles sont tes modalités de télétravail ?""",work_environment,,,,,,3,"""Télétravail occasionnel""","""Je travaille principalement au bureau, mais j’ai la possibilité de télétravailler occasionnellement selon les besoins.""",,FR,,,TRUE
24,select,,,,,,FALSE,"""Quelles sont tes modalités de télétravail ?""",work_environment,,,,,,4,"""Télétravail flexible""","""Je n’ai pas d’obligation stricte et je choisis librement mes jours de télétravail et de présence au bureau en fonction de mon emploi du temps.""",,FR,,,TRUE
24,select,,,,,,FALSE,"""Quelles sont tes modalités de télétravail ?""",work_environment,,,,,,5,"""Pas de télétravail""","""Mon poste ne permet pas de télétravail, je suis toujours en présentiel.""",,FR,,,TRUE
25,select,,,,,,FALSE,"""Combien d’années d’expérience as-tu en gestion directe d’équipe ?""",professional_background,,,,,,1,"""0-6 mois""","""Vous êtes en pleine découverte des fondamentaux du management.""",,FR,,,TRUE
25,select,,,,,,FALSE,"""Combien d’années d’expérience as-tu en gestion directe d’équipe ?""",professional_background,,,,,,2,"""6 mois-1 an""","""Vous commencez à développer votre propre style de leadership.""",,FR,,,TRUE
25,select,,,,,,FALSE,"""Combien d’années d’expérience as-tu en gestion directe d’équipe ?""",professional_background,,,,,,3,"""1-2 ans""","""Vous gérez efficacement les situations courantes d'encadrement.""",,FR,,,TRUE
25,select,,,,,,FALSE,"""Combien d’années d’expérience as-tu en gestion directe d’équipe ?""",professional_background,,,,,,4,"""2-3 ans""","""Vous savez motiver votre équipe et gérer les conflits basiques.""",,FR,,,TRUE
25,select,,,,,,FALSE,"""Combien d’années d’expérience as-tu en gestion directe d’équipe ?""",professional_background,,,,,,5,"""3-4 ans""","""Vous développez une vision stratégique pour faire évoluer votre équipe.""",,FR,,,TRUE
25,select,,,,,,FALSE,"""Combien d’années d’expérience as-tu en gestion directe d’équipe ?""",professional_background,,,,,,6,"""4-5 ans""","""Vous excellez dans le développement des compétences individuelles.""",,FR,,,TRUE
25,select,,,,,,FALSE,"""Combien d’années d’expérience as-tu en gestion directe d’équipe ?""",professional_background,,,,,,7,"""5-7 ans""","""Vous savez construire et restructurer des équipes performantes.""",,FR,,,TRUE
25,select,,,,,,FALSE,"""Combien d’années d’expérience as-tu en gestion directe d’équipe ?""",professional_background,,,,,,8,"""7-10 ans""","""Vous gérez des équipes multiples avec des enjeux complexes.""",,FR,,,TRUE
25,select,,,,,,FALSE,"""Combien d’années d’expérience as-tu en gestion directe d’équipe ?""",professional_background,,,,,,9,"""10-15 ans""","""Vous transformez les organisations et développez les talents.""",,FR,,,TRUE
25,select,,,,,,FALSE,"""Combien d’années d’expérience as-tu en gestion directe d’équipe ?""",professional_background,,,,,,10,"""Plus de 15 ans""","""Vous pilotez des transformations organisationnelles majeures.""",,FR,,,TRUE
26,location,15,,,,,FALSE,"""Dans quelle ville habites-tu ?""",socio_geo,,,,,,1,,,,FR,,,TRUE
27,select,,,,,,FALSE,"""Comment te sens-tu aujourd’hui dans ton travail ?""",current_situation,,,,,,1,"""""Je me sens comme Thomas Cook, un navigateur au milieu des tempêtes.""""","""Les défis sont nombreux et imprévus, mais je m’accroche pour garder le cap malgré les turbulences et le chaos.""",,FR,,,TRUE
27,select,,,,,,FALSE,"""Comment te sens-tu aujourd’hui dans ton travail ?""",current_situation,,,,,,2,"""""Je me sens comme La Pérouse, expédition brillante au départ, mais qui commence à tourner au naufrage."" ""","""Tout avait bien commencé, mais les difficultés s'accumulent et je me sens de plus en plus dépassé(e) par les événements.""",,FR,,,TRUE
27,select,,,,,,FALSE,"""Comment te sens-tu aujourd’hui dans ton travail ?""",current_situation,,,,,,3,"""""Je me sens comme un artisan patient, bâtissant chaque jour une œuvre durable."" ""","""Mon travail avance à un rythme régulier, et bien que ce soit parfois lent, je me sens satisfait(e) de construire quelque chose de solide.""",,FR,,,TRUE
27,select,,,,,,FALSE,"""Comment te sens-tu aujourd’hui dans ton travail ?""",current_situation,,,,,,4,"""""Je me sens comme un(e) explorateur(trice), découvrant chaque jour de nouveaux horizons avec enthousiasme."" ""","""Mon travail est stimulant et me permet d’apprendre et d’expérimenter de nouvelles choses constamment. Chaque jour est une aventure excitante.""",,FR,,,TRUE
27,select,300,,,,,FALSE,"""Comment te sens-tu aujourd’hui dans ton travail ?""",current_situation,,,,,,5,"""Autre""","""Tu ne te retrouves pas ta réponse dans cette liste ? Ecris-la ici ! """,,FR,,,TRUE
28,multi_select,,,,,,FALSE,"""Quels sont les aspects de ta situation professionnelle actuelle que tu veux à tout prix conserver ?""",aspirations,,,,,,1,"""Métier""",,,FR,,,TRUE
28,multi_select,,,,,,FALSE,"""Quels sont les aspects de ta situation professionnelle actuelle que tu veux à tout prix conserver ?""",aspirations,,,,,,2,"""Secteur d’activité""",,,FR,,,TRUE
28,multi_select,,,,,,FALSE,"""Quels sont les aspects de ta situation professionnelle actuelle que tu veux à tout prix conserver ?""",aspirations,,,,,,3,"""Statut professionnel""",,,FR,,,TRUE
28,multi_select,,,,,,FALSE,"""Quels sont les aspects de ta situation professionnelle actuelle que tu veux à tout prix conserver ?""",aspirations,,,,,,4,"""Type d’entreprise""",,,FR,,,TRUE
28,multi_select,,,,,,FALSE,"""Quels sont les aspects de ta situation professionnelle actuelle que tu veux à tout prix conserver ?""",aspirations,,,,,,5,"""Salaire""",,,FR,,,TRUE
28,multi_select,,,,,,FALSE,"""Quels sont les aspects de ta situation professionnelle actuelle que tu veux à tout prix conserver ?""",aspirations,,,,,,6,"""Situation géographique""",,,FR,,,TRUE
28,multi_select,,,,,,FALSE,"""Quels sont les aspects de ta situation professionnelle actuelle que tu veux à tout prix conserver ?""",aspirations,,,,,,7,"""Rythme de travail""",,,FR,,,TRUE
28,multi_select,,,,,,FALSE,"""Quels sont les aspects de ta situation professionnelle actuelle que tu veux à tout prix conserver ?""",aspirations,,,,,,8,"""Modalité de télétravail""",,,FR,,,TRUE
28,multi_select,300,,,,,FALSE,"""Quels sont les aspects de ta situation professionnelle actuelle que tu veux à tout prix conserver ?""",aspirations,,,,,,9,"""Autre""","""Tu ne te retrouves pas ta réponse dans cette liste ? Ecris-la ici !""",,FR,,,TRUE
29,multi_select,,,,,,FALSE,"""À l’inverse, quels sont les aspects de ta situation professionnelle actuelle que tu voudrais changer ?""",quels sont les aspects de ta situation professionnelle actuelle que tu voudrais changer ?,,,,,,1,"""Métier""",,,FR,,,TRUE
29,multi_select,,,,,,FALSE,"""À l’inverse, quels sont les aspects de ta situation professionnelle actuelle que tu voudrais changer ?""",quels sont les aspects de ta situation professionnelle actuelle que tu voudrais changer ?,,,,,,2,"""Secteur d’activité""",,,FR,,,TRUE
29,multi_select,,,,,,FALSE,"""À l’inverse, quels sont les aspects de ta situation professionnelle actuelle que tu voudrais changer ?""",quels sont les aspects de ta situation professionnelle actuelle que tu voudrais changer ?,,,,,,3,"""Statut professionnel""",,,FR,,,TRUE
29,multi_select,,,,,,FALSE,"""À l’inverse, quels sont les aspects de ta situation professionnelle actuelle que tu voudrais changer ?""",quels sont les aspects de ta situation professionnelle actuelle que tu voudrais changer ?,,,,,,4,"""Type d’entreprise""",,,FR,,,TRUE
29,multi_select,,,,,,FALSE,"""À l’inverse, quels sont les aspects de ta situation professionnelle actuelle que tu voudrais changer ?""",quels sont les aspects de ta situation professionnelle actuelle que tu voudrais changer ?,,,,,,5,"""Salaire""",,,FR,,,TRUE
29,multi_select,,,,,,FALSE,"""À l’inverse, quels sont les aspects de ta situation professionnelle actuelle que tu voudrais changer ?""",quels sont les aspects de ta situation professionnelle actuelle que tu voudrais changer ?,,,,,,6,"""Situation géographique""",,,FR,,,TRUE
29,multi_select,,,,,,FALSE,"""À l’inverse, quels sont les aspects de ta situation professionnelle actuelle que tu voudrais changer ?""",quels sont les aspects de ta situation professionnelle actuelle que tu voudrais changer ?,,,,,,7,"""Rythme de travail""",,,FR,,,TRUE
29,multi_select,,,,,,FALSE,"""À l’inverse, quels sont les aspects de ta situation professionnelle actuelle que tu voudrais changer ?""",quels sont les aspects de ta situation professionnelle actuelle que tu voudrais changer ?,,,,,,8,"""Modalité de télétravail""",,,FR,,,TRUE
29,multi_select,300,,,,,FALSE,"""À l’inverse, quels sont les aspects de ta situation professionnelle actuelle que tu voudrais changer ?""",quels sont les aspects de ta situation professionnelle actuelle que tu voudrais changer ?,,,,,,9,"""Autre""","“Tu ne te retrouves pas ta réponse dans cette liste ? Ecris-la ici ! """,,FR,,,TRUE
30,select,,,,,,FALSE,"""Dans quelle phase es-tu professionnellement actuellement ?""",current_situation,,,,,31,1,"""En recherche active ""","""Je suis activement à la recherche d’un nouveau poste ou d’une nouvelle opportunité.""",,FR,,,TRUE
30,select,,,,,,FALSE,"""Dans quelle phase es-tu professionnellement actuellement ?""",current_situation,,,,,32,2,"""En recherche passive""","""Je ne cherche pas activement, mais je suis ouvert(e) aux opportunités intéressantes.""",,FR,,,TRUE
30,select,,,,,,FALSE,"""Dans quelle phase es-tu professionnellement actuellement ?""",current_situation,,,,,33,3,"""En phase de questionnement ""","""Je me pose des questions sur ma carrière actuelle et j’envisage un possible changement ou réorientation.""",,FR,,,TRUE
30,select,,,,,,FALSE,"""Dans quelle phase es-tu professionnellement actuellement ?""",current_situation,,,,,,4,"""Épanoui(e) et stable""","""Je suis satisfait(e) de ma situation professionnelle actuelle et je n'envisage pas de changement pour l'instant.""",,FR,,,TRUE
30,select,,,,,,FALSE,"""Dans quelle phase es-tu professionnellement actuellement ?""",current_situation,,,,,34,5,"""En reconversion""","""Je suis en train de me réorienter ou de changer de secteur professionnel.""",,FR,,,TRUE
30,select,30,,,,,FALSE,"""Dans quelle phase es-tu professionnellement actuellement ?""",current_situation,,,,,,6,"""Autre""","""Tu ne te retrouves pas ta réponse dans cette liste ? Ecris-la ici ! """,,FR,,,TRUE
31,multi_select,,,,,,FALSE,"""Quelles actions as-tu déjà entreprises dans ta phase de 'Recherche active' ?""",current_situation,,,,,35,1,"""J’ai déjà passé des entretiens pour des postes similaires""","""J'ai commencé à passer des entretiens pour des postes qui correspondent à mon profil actuel.""",,FR,,,TRUE
31,multi_select,,,,,,FALSE,"""Quelles actions as-tu déjà entreprises dans ta phase de 'Recherche active' ?""",current_situation,,,,,35,2,"""Je postule un peu partout quand le poste me semble intéressant""","""Je postule à plusieurs opportunités qui attirent mon attention, même si elles ne sont pas toujours dans le même domaine.""",,FR,,,TRUE
31,multi_select,,,,,,FALSE,"""Quelles actions as-tu déjà entreprises dans ta phase de 'Recherche active' ?""",current_situation,,,,,35,3,"""J’ai activé mon réseau professionnel pour trouver des opportunités""","""Je fais appel à mes contacts et mon réseau pour trouver des offres ou recommandations.""",,FR,,,TRUE
31,multi_select,,,,,,FALSE,"""Quelles actions as-tu déjà entreprises dans ta phase de 'Recherche active' ?""",current_situation,,,,,35,4,"""Je suis inscrit(e) sur plusieurs plateformes de recrutement""","""Je m’inscris et mets à jour mes profils sur des plateformes de recherche d’emploi pour maximiser mes chances.""",,FR,,,TRUE
31,multi_select,,,,,,FALSE,"""Quelles actions as-tu déjà entreprises dans ta phase de 'Recherche active' ?""",current_situation,,,,,35,5,"""J’ai travaillé sur mon CV et mes lettres de motivation""","""Je prends le temps d’adapter mon CV et mes lettres de motivation en fonction des postes auxquels je postule.""",,FR,,,TRUE
31,multi_select,300,,,,,FALSE,"""Quelles actions as-tu déjà entreprises dans ta phase de 'Recherche active' ?""",current_situation,,,,,35,6,"""Autre""","""Tu ne te retrouves pas ta réponse dans cette liste ? Ecris-la ici ! """,,FR,,,TRUE
32,multi_select,,,,,,FALSE,"""Quelles actions as-tu déjà entreprises dans ta phase de 'Recherche passive' ?""",current_situation,,,,,35,1,"""Je surveille les offres d'emploi mais je ne postule pas encore""","""Je regarde régulièrement les annonces ou les opportunités, mais je n’ai pas encore postulé.""",,FR,,,TRUE
32,multi_select,,,,,,FALSE,"""Quelles actions as-tu déjà entreprises dans ta phase de 'Recherche passive' ?""",current_situation,,,,,35,2,"""J’ai mis à jour mon profil LinkedIn et autres plateformes professionnelles""","""J’ai mis à jour mes profils sur des plateformes comme LinkedIn, sans chercher activement.""",,FR,,,TRUE
32,multi_select,,,,,,FALSE,"""Quelles actions as-tu déjà entreprises dans ta phase de 'Recherche passive' ?""",current_situation,,,,,35,3,"""Je reste ouvert(e) à des opportunités via mon réseau""","""Je parle de manière informelle à mon entourage ou à mes contacts professionnels pour explorer des possibilités.""",,FR,,,TRUE
32,multi_select,,,,,,FALSE,"""Quelles actions as-tu déjà entreprises dans ta phase de 'Recherche passive' ?""",current_situation,,,,,35,4,"""Je reçois des propositions de recruteurs, mais je ne suis pas encore décidé(e)""","""Je reçois des offres ou des approches de recruteurs, mais je ne suis pas encore engagé(e) dans un processus de recrutement.""",,FR,,,TRUE
32,multi_select,,,,,,FALSE,"""Quelles actions as-tu déjà entreprises dans ta phase de 'Recherche passive' ?""",current_situation,,,,,35,5,"""Je réfléchis à ce que je veux vraiment avant de m'engager""","""Je prends le temps de clarifier mes objectifs professionnels avant de me lancer dans une recherche active.""",,FR,,,TRUE
32,multi_select,,,,,,FALSE,"""Quelles actions as-tu déjà entreprises dans ta phase de 'Recherche passive' ?""",current_situation,,,,,35,6,"""Je réfléchis à ce que je veux vraiment avant de m'engager""","""Je prends le temps de clarifier mes objectifs professionnels avant de me lancer dans une recherche active.""",,FR,,,TRUE
32,multi_select,,,,,,FALSE,"""Quelles actions as-tu déjà entreprises dans ta phase de 'Recherche passive' ?""",current_situation,,,,,35,7,"""Autre""","“Tu ne te retrouves pas ta réponse dans cette liste ? Ecris-la ici ! """,,FR,,,TRUE
33,multi_select,,,,,,FALSE,"""Quelles actions as-tu déjà entreprises dans ta phase de 'Questionnement' ?""",current_situation,,,,,35,1,"""Je réfléchis à un changement de carrière ou de poste""","""Je me pose des questions sur mon rôle actuel et j’envisage un changement, mais je n’ai pas encore pris de décision.""",,FR,,,TRUE
33,multi_select,,,,,,FALSE,"""Quelles actions as-tu déjà entreprises dans ta phase de 'Questionnement' ?""",current_situation,,,,,35,2,"""Je discute avec des collègues ou amis pour avoir des conseils""","""Je parle avec mon entourage professionnel ou personnel pour obtenir des conseils et des perspectives sur mes options.”",,FR,,,TRUE
33,multi_select,,,,,,FALSE,"""Quelles actions as-tu déjà entreprises dans ta phase de 'Questionnement' ?""",current_situation,,,,,35,3,"""Je fais des recherches sur d'autres secteurs ou métiers""","""Je commence à explorer différents domaines ou métiers qui pourraient m’intéresser, sans m’engager encore.""",,FR,,,TRUE
33,multi_select,,,,,,FALSE,"""Quelles actions as-tu déjà entreprises dans ta phase de 'Questionnement' ?""",current_situation,,,,,35,4,"""Je me renseigne sur des formations ou des reconversions possibles""","""Je cherche des informations sur des formations ou des programmes de reconversion pour m'ouvrir de nouvelles portes.""",,FR,,,TRUE
33,multi_select,,,,,,FALSE,"""Quelles actions as-tu déjà entreprises dans ta phase de 'Questionnement' ?""",current_situation,,,,,35,5,"""Je prends le temps de réfléchir à mes priorités et à ce que je veux vraiment""","""Je fais le point sur mes priorités personnelles et professionnelles pour mieux comprendre ce que je veux pour l'avenir.""",,FR,,,TRUE
33,multi_select,300,,,,,FALSE,"""Quelles actions as-tu déjà entreprises dans ta phase de 'Questionnement' ?""",current_situation,,,,,35,6,"""Autre""","""Tu ne te retrouves pas ta réponse dans cette liste ? Ecris-la ici ! """,,FR,,,TRUE
34,multi_select,,,,,,FALSE,"""Quelles actions as-tu déjà entreprises dans ta phase de 'Reconversion' ?""",current_situation,,,,,35,1,"""Je me suis inscrit(e) à une formation pour acquérir de nouvelles compétences""","""Je suis activement engagé(e) dans une formation ou des cours pour me préparer à un changement de carrière.""",,FR,,,TRUE
34,multi_select,,,,,,FALSE,"""Quelles actions as-tu déjà entreprises dans ta phase de 'Reconversion' ?""",current_situation,,,,,35,2,"""J’ai déjà commencé à postuler dans mon nouveau domaine""","""Je postule activement à des offres dans le domaine ou secteur vers lequel je me reconvertis.""",,FR,,,TRUE
34,multi_select,,,,,,FALSE,"""Quelles actions as-tu déjà entreprises dans ta phase de 'Reconversion' ?""",current_situation,,,,,35,3,"""Je me renseigne sur les opportunités dans mon nouveau secteur ""","""Je fais des recherches sur les débouchés et opportunités dans le domaine que je vise.""",,FR,,,TRUE
34,multi_select,,,,,,FALSE,"""Quelles actions as-tu déjà entreprises dans ta phase de 'Reconversion' ?""",current_situation,,,,,35,4,"""J’échange avec des personnes travaillant dans le secteur où je souhaite évoluer""","""Je discute avec des professionnels du secteur que je vise pour obtenir des conseils et mieux comprendre leurs parcours.""",,FR,,,TRUE
34,multi_select,,,,,,FALSE,"""Quelles actions as-tu déjà entreprises dans ta phase de 'Reconversion' ?""",current_situation,,,,,35,5,"""Je prépare un plan de transition pour quitter mon emploi actuel""","""Je travaille sur un plan de transition pour quitter mon poste actuel et me lancer pleinement dans ma reconversion.""",,FR,,,TRUE
34,multi_select,300,,,,,FALSE,"""Quelles actions as-tu déjà entreprises dans ta phase de 'Reconversion' ?""",current_situation,,,,,35,6,"""Autre""","""Tu ne te retrouves pas ta réponse dans cette liste ? Ecris-la ici ! """,,FR,,,TRUE
35,select,,,,,,FALSE,"""Dans quelle phase es-tu personnellement ?""",personal_profile,,,,,,1,"""En couple""","""Je suis actuellement dans une relation de couple.""",,FR,,,TRUE
35,select,,,,,,FALSE,"""Dans quelle phase es-tu personnellement ?""",personal_profile,,,,,,2,"""Célibataire""","""Je suis célibataire en ce moment.""",,FR,,,TRUE
35,select,,,,,,FALSE,"""Dans quelle phase es-tu personnellement ?""",personal_profile,,,,,,3,"""Marié(e) / Pacsé(e)""","""Je suis marié(e) ou pacsé(e), dans une relation stable.""",,FR,,,TRUE
35,select,,,,,,FALSE,"""Dans quelle phase es-tu personnellement ?""",personal_profile,,,,,,4,"""En couple avec enfants ""","""Je suis en couple et nous avons des enfants.""",,FR,,,TRUE
35,select,,,,,,FALSE,"""Dans quelle phase es-tu personnellement ?""",personal_profile,,,,,,5,"""Séparé(e) / Divorcé(e)""","""Je suis séparé(e) ou divorcé(e).""",,FR,,,TRUE
35,select,30,,,,,FALSE,"""Dans quelle phase es-tu personnellement ?""",personal_profile,,,,,,6,"""Autre ""","""Tu ne te retrouves pas ta situation dans cette liste ? Ecris-la ici ! """,,FR,,,TRUE
36,multi_select,,,,,,FALSE,"""Quelles sont les valeurs d’entreprise qui sont importantes pour toi ?""",personal_profile,,,,,,1,"""Performance""",,,FR,,,TRUE
36,multi_select,,,,,,FALSE,"""Quelles sont les valeurs d’entreprise qui sont importantes pour toi ?""",personal_profile,,,,,,2,"""Accent sur la qualité""",,,FR,,,TRUE
36,multi_select,,,,,,FALSE,"""Quelles sont les valeurs d’entreprise qui sont importantes pour toi ?""",personal_profile,,,,,,3,"""Singularité/Compétitivité""",,,FR,,,TRUE
36,multi_select,,,,,,FALSE,"""Quelles sont les valeurs d’entreprise qui sont importantes pour toi ?""",personal_profile,,,,,,4,"""Dynamisme""",,,FR,,,TRUE
36,multi_select,,,,,,FALSE,"""Quelles sont les valeurs d’entreprise qui sont importantes pour toi ?""",personal_profile,,,,,,5,"""Responsabilité sociétal des entreprises (RSE)""",,,FR,,,TRUE
36,multi_select,,,,,,FALSE,"""Quelles sont les valeurs d’entreprise qui sont importantes pour toi ?""",personal_profile,,,,,,6,"""Esprit d'équipe et collaboration/Transparence""",,,FR,,,TRUE
36,multi_select,,,,,,FALSE,"""Quelles sont les valeurs d’entreprise qui sont importantes pour toi ?""",personal_profile,,,,,,7,"""Empathie et Bienveillance""",,,FR,,,TRUE
36,multi_select,,,,,,FALSE,"""Quelles sont les valeurs d’entreprise qui sont importantes pour toi ?""",personal_profile,,,,,,8,"""Innovation""",,,FR,,,TRUE
36,multi_select,50,,,,,FALSE,"""Quelles sont les valeurs d’entreprise qui sont importantes pour toi ?""",personal_profile,,,,,,9,"""Autre""","""Tu ne te retrouves pas ta valeur dans cette liste ? Ecris-la ici ! Exemple: Stabilité """,,FR,,,TRUE
37,multi_select,,,,,,FALSE,"""Qu’est ce qui te satisfait dans ton environnement de travail actuel ?""",work_environment,,,,,,1,"""L'ambiance conviviale et l'esprit d'équipe""","""Les relations positives entre collègues et la collaboration harmonieuse rendent le travail agréable.""",,FR,,,TRUE
37,multi_select,,,,,,FALSE,"""Qu’est ce qui te satisfait dans ton environnement de travail actuel ?""",work_environment,,,,,,2,"""La flexibilité des horaires""","""La possibilité d'organiser son emploi du temps ou de télétravailler contribue à un bon équilibre vie pro/vie perso.""",,FR,,,TRUE
37,multi_select,,,,,,FALSE,"""Qu’est ce qui te satisfait dans ton environnement de travail actuel ?""",work_environment,,,,,,3,"""Les opportunités de développement professionnel""","""L'accès à des formations, des promotions ou des projets stimulants est très motivant.""",,FR,,,TRUE
37,multi_select,,,,,,FALSE,"""Qu’est ce qui te satisfait dans ton environnement de travail actuel ?""",work_environment,,,,,,4,"""L’autonomie dans le travail""","""Pouvoir gérer ses propres projets sans microgestion renforce le sentiment de confiance et de responsabilité.""",,FR,,,TRUE
37,multi_select,,,,,,FALSE,"""Qu’est ce qui te satisfait dans ton environnement de travail actuel ?""",work_environment,,,,,,5,"""Les avantages sociaux""","""Bénéficier d'une bonne couverture santé, de congés payés ou de primes contribue au bien-être général.""",,FR,,,TRUE
37,multi_select,,,,,,FALSE,"""Qu’est ce qui te satisfait dans ton environnement de travail actuel ?""",work_environment,,,,,,6,"""Les locaux et les équipements""","""Un environnement de travail bien conçu, avec des espaces confortables et bien équipés, améliore le quotidien.""",,FR,,,TRUE
37,multi_select,80,,,,,FALSE,"""Qu’est ce qui te satisfait dans ton environnement de travail actuel ?""",work_environment,,,,,,7,"""Autre""","""Tu ne te retrouves pas ta réponse idéale dans cette liste ? Ecris-la ici ! Exemple: La diversité des tâches : La variété dans les missions permet de rester stimulé et d'éviter la monotonie.”",,FR,,,TRUE
38,multi_select,,,,,,FALSE,"""À l’inverse, qu’est ce que tu n’apprécies pas dans ton environnement de travail actuel ?""",qu'est ce que tu n'apprécies pas dans ton environnement de travail actuel ?,,,,,,1,"""Le manque de reconnaissance""","""Ne pas recevoir de retours ou de remerciements
 peut être démotivant.""",,FR,,,TRUE
38,multi_select,,,,,,FALSE,"""À l’inverse, qu’est ce que tu n’apprécies pas dans ton environnement de travail actuel ?""",qu'est ce que tu n'apprécies pas dans ton environnement de travail actuel ?,,,,,,2,"""La surcharge de travail""","""Des attentes irréalistes ou une charge de travail excessive
 peuvent entraîner du stress.""",,FR,,,TRUE
38,multi_select,,,,,,FALSE,"""À l’inverse, qu’est ce que tu n’apprécies pas dans ton environnement de travail actuel ?""",qu'est ce que tu n'apprécies pas dans ton environnement de travail actuel ?,,,,,,3,"""Le manque de communication""","""Des informations floues ou mal communiquées
 peuvent créer de la frustration et de l'incertitude.""",,FR,,,TRUE
38,multi_select,,,,,,FALSE,"""À l’inverse, qu’est ce que tu n’apprécies pas dans ton environnement de travail actuel ?""",qu'est ce que tu n'apprécies pas dans ton environnement de travail actuel ?,,,,,,4,"""Le manque de perspectives d'évolution""","""L'absence de promotions ou d'opportunités
 de développement professionnel peut entraîner une stagnation.""",,FR,,,TRUE
38,multi_select,,,,,,FALSE,"""À l’inverse, qu’est ce que tu n’apprécies pas dans ton environnement de travail actuel ?""",qu'est ce que tu n'apprécies pas dans ton environnement de travail actuel ?,,,,,,5,"""Les politiques rigides""","""Des règles trop strictes ou inflexibles peuvent nuire à la
 créativité et à l'autonomie.""",,FR,,,TRUE
38,multi_select,,,,,,FALSE,"""À l’inverse, qu’est ce que tu n’apprécies pas dans ton environnement de travail actuel ?""",qu'est ce que tu n'apprécies pas dans ton environnement de travail actuel ?,,,,,,6,"""Les conditions de travail physiques""","""Un environnement bruyant, mal éclairé ou
 inconfortable peut affecter le bien-être.""",,FR,,,TRUE
38,multi_select,80,,,,,FALSE,"""À l’inverse, qu’est ce que tu n’apprécies pas dans ton environnement de travail actuel ?""",qu'est ce que tu n'apprécies pas dans ton environnement de travail actuel ?,,,,,,7,"""Autre""","""Tu ne te retrouves pas ta réponse idéale dans cette liste ? Ecris-la ici ! Exemple: La diversité des tâches : La variété dans les missions permet de rester stimulé et d'éviter la monotonie.”",,FR,,,TRUE
39,select,,,,,,FALSE,"""Quel type d'environnement de travail te convient le mieux ?""",work_environment,,,,,,1,"""Un environnement structuré avec des objectifs clairs""",,,FR,,,TRUE
39,select,,,,,,FALSE,"""Quel type d'environnement de travail te convient le mieux ?""",work_environment,,,,,,2,"""Un espace flexible où tu peux travailler à ton propre rythme""",,,FR,,,TRUE
39,select,,,,,,FALSE,"""Quel type d'environnement de travail te convient le mieux ?""",work_environment,,,,,,3,"""Un environnement collaboratif avec une ambiance de partage""",,,FR,,,TRUE
39,select,,,,,,FALSE,"""Quel type d'environnement de travail te convient le mieux ?""",work_environment,,,,,,4,"""Un espace créatif où tu peux explorer de nouvelles idées""",,,FR,,,TRUE
39,select,,,,,,FALSE,"""Quel type d'environnement de travail te convient le mieux ?""",work_environment,,,,,,5,"""Un lieu où tu te sens connecté à des valeurs plus larges""",,,FR,,,TRUE
39,select,,,,,,FALSE,"""Quel type d'environnement de travail te convient le mieux ?""",work_environment,,,,,,6,"""Je n’ai pas de préférence""",,,FR,,,TRUE
39,select,300,,,,,FALSE,"""Quel type d'environnement de travail te convient le mieux ?""",work_environment,,,,,,7,"""Autre""","""Tu ne te retrouves pas ton environnement idéal dans cette liste ? Décris-le ici !""",,FR,,,TRUE
40,free_text,500,,,,,FALSE,"""Pourquoi pensez-vous à un changement pro ? """,motivation,,"""Expliquez avec vos mots 
 - ce qui vous motive.
 - ce qui vous pose problème aujourd’hui (poste, culture, équilibre vie pro/perso, manque d’opportunités, etc.)
 - comment vous vivez votre situation actuelle
 - ce que vous aimeriez retrouver ou changer
 💡 Pas besoin de préparer un grand discours — parlez simplement avec vos mots, comme si vous racontiez à un ami(e).
 👉 Cette étape vous aide à clarifier votre réflexion et à mieux comprendre ce qui vous motive vraiment.""",,,,1,,,,FR,,,TRUE
41,free_text,500,,,,,FALSE,"""Partagez-nous les éléments clés de votre parcours pro""",motivation,,"""Décrivez en quelques minutes les points essentiels :
 - votre poste actuel/dernier poste et vos expériences principales
 - vos compétences ou expertises clés
 - vos centres d’intérêt ou domaines qui vous motivent
 💡 Pas besoin de tout détailler, allez à l’essentiel avec vos mots.""",,,,1,,,,FR,,,TRUE
42,select,,,,,,FALSE,"""Laquelle de ces phrases vous décrit le mieux ?""",current_situation,,,,,,1,"""Je ne sais pas encore clairement ce que je veux faire ensuite""",,,FR,,,TRUE
42,select,,,,,,FALSE,"""Laquelle de ces phrases vous décrit le mieux ?""",current_situation,,,,,,2,"""J’ai une idée assez claire du domaine ou du métier vers lequel je veux aller""",,,FR,,,TRUE
43,free_text,500,,,,,FALSE,"""Avez-vous des pistes ou orientations que vous souhaitez explorer ? Et si oui, lesquelles ? """,motivation,,"""Expliquez avec vos mots vos idées, envies, passions, limites.
 - si vous avez déjà une idée du domaine, projet ou métier qui vous attire
 - ou si vous préférez encore explorer toutes les pistes
 - vos passions ou centres d’intérêt qui peuvent orienter vos choix
 - ce que vous ne voulez pas (ex. : pas un poste avec trop de déplacements)
 - ou au contraire, si vous êtes totalement ouvert(e) à toutes les opportunités
 💡 Parlez simplement, pas besoin de préparer. C’est un espace pour clarifier vos envies et vos limites.""",,,,1,,,,FR,,,TRUE
44,select,,,,,,FALSE,"""Dans votre prochaine étape professionnelle, vous vous voyez plutôt…""",current_situation,,,,,,1,"""En CDI temps plein""",,,FR,,,TRUE
44,select,,,,,,FALSE,"""Dans votre prochaine étape professionnelle, vous vous voyez plutôt…""",current_situation,,,,,,2,"""En CDI temp partiel""",,,FR,,,TRUE
44,select,,,,,,FALSE,"""Dans votre prochaine étape professionnelle, vous vous voyez plutôt…""",current_situation,,,,,,3,"""A votre compte""",,,FR,,,TRUE
44,select,,,,,,FALSE,"""Dans votre prochaine étape professionnelle, vous vous voyez plutôt…""",current_situation,,,,,,4,"""Les deux""",,,FR,,,TRUE
44,select,,,,,,FALSE,"""Dans votre prochaine étape professionnelle, vous vous voyez plutôt…""",current_situation,,,,,,5,"""Je ne sais pas encore""",,,FR,,,TRUE
45,select,,,,,,FALSE,"""Quel est aujourd’hui votre plus grand obstacle ?""",current_situation,,,,,,1,"""Trouver la confiance / la motivation""",,,FR,,,TRUE
45,select,,,,,,FALSE,"""Quel est aujourd’hui votre plus grand obstacle ?""",current_situation,,,,,,2,"""Manque de compétences / d’expérience""",,,FR,,,TRUE
45,select,,,,,,FALSE,"""Quel est aujourd’hui votre plus grand obstacle ?""",current_situation,,,,,,3,"""Les finances ou d’autres aspects pratiques""",,,FR,,,TRUE
46,select,,,,,,FALSE,"""Depuis combien de temps pensez-vous à changer de voie ? """,current_situation,,,,,,1,"""Moins d'un an""",,,FR,,,TRUE
46,select,,,,,,FALSE,"""Depuis combien de temps pensez-vous à changer de voie ? """,current_situation,,,,,,2,"""1 à 2 ans""",,,FR,,,TRUE
46,select,,,,,,FALSE,"""Depuis combien de temps pensez-vous à changer de voie ? """,current_situation,,,,,,3,"""3 à 5 ans""",,,FR,,,TRUE
46,select,,,,,,FALSE,"""Depuis combien de temps pensez-vous à changer de voie ? """,current_situation,,,,,,4,"""Plus de 5 ans""",,,FR,,,TRUE
47,free_text,500,,,,,FALSE,"""À quel point êtes-vous engagé(e) dans votre nouvelle étape pro ? """,motivation,,"""Expliquez avec vos mots votre motivation, le temps, l’argent et les efforts que vous êtes prêt(e) à investir dans les 12–18 prochains mois.
 - votre motivation à avancer
 - le temps que vous pouvez y consacrer
 - les moyens financiers que vous êtes prêt(e) à investir
 💡 Pas besoin de préparer un discours — parlez librement, comme si vous expliquiez à un proche.""",,,,1,,,,FR,,,TRUE
48,free_text,500,,,,,FALSE,"""Le niveau de salaire minimum que vous accepterez (une fourchette, pas besoin d'être précis)""",motivation,,,,,,1,,,,FR,,,TRUE
49,select,,,,,,FALSE,"""Mobilité & conditions de travail (coche les options qui correspondent)""",current_situation,,,,,,1,"""Ouvert(e) au télétravail total""",,,FR,,,TRUE
49,select,,,,,,FALSE,"""Mobilité & conditions de travail (coche les options qui correspondent)""",current_situation,,,,,,2,"""Ouvert(e) à des déplacements réguliers en dehors de ma région""",,,FR,,,TRUE
49,select,,,,,,FALSE,"""Mobilité & conditions de travail (coche les options qui correspondent)""",current_situation,,,,,,3,"""Souhaite travailler exclusivement dans ma région""",,,FR,,,TRUE
49,select,,,,,,FALSE,"""Mobilité & conditions de travail (coche les options qui correspondent)""",current_situation,,,,,,4,"""Prêt(e) à déménager si un projet professionnel épanouissant le nécessite""",,,FR,,,TRUE
50,free_text,500,,,,,FALSE,"""Quel âge avez-vous ?""",motivation,,,,,,1,,,,FR,,,TRUE
51,free_text,2000,,,,,FALSE,"""Peux tu nous raconter ton parcours pro avec tes mots ?""",motivation,,"""Ce que tu as aimé, moins aimé...""",,,,1,,,,FR,,,TRUE
52,free_text,2000,,,,,FALSE,"""Quand tu penses à ton job actuel, qu’est-ce qui te vient à l’esprit ?""",motivation,,"""Ton job actuel : ce que tu en retiens, le plus et le moins""",,,,1,,,,FR,,,TRUE
53,select,,,,,,FALSE,"""Depuis combien de temps tu ressens ça ?""",current_situation,,,,,,1,"""Moins de 6 mois""",,,FR,,,TRUE
53,select,,,,,,FALSE,"""Depuis combien de temps tu ressens ça ?""",current_situation,,,,,,2,"""6 mois à 1 ans""",,,FR,,,TRUE
53,select,,,,,,FALSE,"""Depuis combien de temps tu ressens ça ?""",current_situation,,,,,,3,"""1 à 3 ans""",,,FR,,,TRUE
53,select,,,,,,FALSE,"""Depuis combien de temps tu ressens ça ?""",current_situation,,,,,,4,"""Depuis toujours, j’ai l’impression""",,,FR,,,TRUE
53,select,,,,,,FALSE,"""Depuis combien de temps tu ressens ça ?""",current_situation,,,,,,5,"""Je ne sais pas trop""",,,FR,,,TRUE
54,free_text,2000,,,,,FALSE,"""Qu’est-ce que tu aimerais retrouver ou découvrir dans ton futur job ?""",motivation,,"""Ex : liberté, création, relations humaines, apprentissage…""",,,,1,,,,FR,,,TRUE
55,free_text,2000,,,,,FALSE,"""Qu’est-ce que les gens autour de toi disent que tu fais bien naturellement ?""",motivation,,"""Pense aux compliments qu’on te fait.""",,,,1,,,,FR,,,TRUE
56,free_text,2000,,,,,FALSE,"""Est-ce que tu te vois changer complètement de métier ou plutôt avancer pas à pas ?""",motivation,,"""Tu peux changer d’avis plus tard 😉""",,,,1,,,,FR,,,TRUE
57,free_text,2000,,,,,FALSE,"""Partage les pistes que tu as déjà testées, même en loisir. """,motivation,,"""Même si ce n’était qu’un essai, écris-le""",,,,1,,,,FR,,,TRUE
58,multi_select,,,,,,FALSE,"""De quoi aurais-tu besoin pour te lancer ?""",current_situation,,,,,,1,"""💰 Sécurité financière""",,,FR,,,TRUE
58,multi_select,,,,,,FALSE,"""De quoi aurais-tu besoin pour te lancer ?""",current_situation,,,,,,2,"""⏳ Temps libre pour essayer""",,,FR,,,TRUE
58,multi_select,,,,,,FALSE,"""De quoi aurais-tu besoin pour te lancer ?""",current_situation,,,,,,3,"""🤝 Un réseau ou un cadre humain""",,,FR,,,TRUE
58,multi_select,,,,,,FALSE,"""De quoi aurais-tu besoin pour te lancer ?""",current_situation,,,,,,4,"""🎓 Une formation""",,,FR,,,TRUE
58,multi_select,,,,,,FALSE,"""De quoi aurais-tu besoin pour te lancer ?""",current_situation,,,,,,5,"""💡 Juste de la clarté""",,,FR,,,TRUE
59,free_text,2000,,,,,FALSE,"""Dans un monde idéal, tu te vois faire quoi, où, et avec qui ? """,motivation,,"""Pense à ton rythme, ton cadre, ton entourage.""",,,,1,,,,FR,,,TRUE
60,select,,,,,,FALSE,"""Dans ta prochaine étape professionnelle, tu te vois plutôt…""",current_situation,,,,,,1,"""En CDI temps plein""",,,FR,,,TRUE
60,select,,,,,,FALSE,"""Dans ta prochaine étape professionnelle, tu te vois plutôt…""",current_situation,,,,,,2,"""En CDI temp partiel""",,,FR,,,TRUE
60,select,,,,,,FALSE,"""Dans ta prochaine étape professionnelle, tu te vois plutôt…""",current_situation,,,,,,3,"""A mon compte""",,,FR,,,TRUE
60,select,,,,,,FALSE,"""Dans ta prochaine étape professionnelle, tu te vois plutôt…""",current_situation,,,,,,4,"""Salarié.e et à mon compte""",,,FR,,,TRUE
60,select,,,,,,FALSE,"""Dans ta prochaine étape professionnelle, tu te vois plutôt…""",current_situation,,,,,,5,"""Je ne sais pas encore""",,,FR,,,TRUE
61,free_text,2000,,,,,FALSE,"""“Le niveau de salaire mensuel net minimum que tu accepterais (une fourchette, pas besoin d'être précis)""",motivation,,"""Ton minimum confort""",,,,1,,,,FR,,,TRUE
62,multi_select,,,,,,FALSE,"""Mobilité & conditions de travail (coche les options qui correspondent)""",current_situation,,,,,35,1,"""Ouvert(e) au télétravail total""","""Je suis activement engagé(e) dans une formation ou des cours pour me préparer à un changement de carrière.""",,FR,,,TRUE
62,multi_select,,,,,,FALSE,"""Mobilité & conditions de travail (coche les options qui correspondent)""",current_situation,,,,,35,2,"""Ouvert(e) à des déplacements réguliers en dehors de ma région""","""Je postule activement à des offres dans le domaine ou secteur vers lequel je me reconvertis.""",,FR,,,TRUE
62,multi_select,,,,,,FALSE,"""Mobilité & conditions de travail (coche les options qui correspondent)""",current_situation,,,,,35,3,"""Souhaite travailler exclusivement dans ma région""","""Je fais des recherches sur les débouchés et opportunités dans le domaine que je vise.""",,FR,,,TRUE
62,multi_select,,,,,,FALSE,"""Mobilité & conditions de travail (coche les options qui correspondent)""",current_situation,,,,,35,4,"""Prêt(e) à déménager si un projet professionnel épanouissant le nécessite""","""Je discute avec des professionnels du secteur que je vise pour obtenir des conseils et mieux comprendre leurs parcours.""",,FR,,,TRUE
63,select,,,,,,FALSE,"""Dis-nous d'abord dans quelle situation te reconnais-tu ?""",mood,"""Pour mieux t'écouter ensuite...""",,,,,1,"""Clarifier""","""Besoin de recul sur ma carrière""",,FR,"""🔍""",emoji,TRUE
63,select,,,,,,FALSE,"""Dis-nous d'abord dans quelle situation te reconnais-tu ?""",mood,"""Pour mieux t'écouter ensuite...""",,,,,2,"""Transitionner""","""Prêt·e à changer de cap""",,FR,"""🚀""",emoji,TRUE
63,select,,,,,,FALSE,"""Dis-nous d'abord dans quelle situation te reconnais-tu ?""",mood,"""Pour mieux t'écouter ensuite...""",,,,,3,"""Reconstruire""","""Besoin de douceur""",,FR,"""🌱""",emoji,TRUE
63,select,,,,,,FALSE,"""Dis-nous d'abord dans quelle situation te reconnais-tu ?""",mood,"""Pour mieux t'écouter ensuite...""",,,,,4,"""Explorer""","""Envie d'action concrète""",,FR,"""⚡""",emoji,TRUE
64,select,,,,,,FALSE,"""Aujourd'hui, tu travailles plutôt dans...""",current_situation,"""Choisis le domaine le plus proche de ton activité actuelle""",,,,,1,"""Commerce / Vente""",,,FR,,,TRUE
64,select,,,,,,FALSE,"""Aujourd'hui, tu travailles plutôt dans...""",current_situation,"""Choisis le domaine le plus proche de ton activité actuelle""",,,,,2,"""Marketing / Communication""",,,FR,,,TRUE
64,select,,,,,,FALSE,"""Aujourd'hui, tu travailles plutôt dans...""",current_situation,"""Choisis le domaine le plus proche de ton activité actuelle""",,,,,3,"""RH / Formation / Admin""",,,FR,,,TRUE
64,select,,,,,,FALSE,"""Aujourd'hui, tu travailles plutôt dans...""",current_situation,"""Choisis le domaine le plus proche de ton activité actuelle""",,,,,4,"""IT / Tech""",,,FR,,,TRUE
64,select,,,,,,FALSE,"""Aujourd'hui, tu travailles plutôt dans...""",current_situation,"""Choisis le domaine le plus proche de ton activité actuelle""",,,,,5,"""Finance / Assurance""",,,FR,,,TRUE
64,select,,,,,,FALSE,"""Aujourd'hui, tu travailles plutôt dans...""",current_situation,"""Choisis le domaine le plus proche de ton activité actuelle""",,,,,6,"""Santé / Bien-être""",,,FR,,,TRUE
64,select,,,,,,FALSE,"""Aujourd'hui, tu travailles plutôt dans...""",current_situation,"""Choisis le domaine le plus proche de ton activité actuelle""",,,,,7,"""Industrie / BTP / Ingénierie""",,,FR,,,TRUE
64,select,,,,,,FALSE,"""Aujourd'hui, tu travailles plutôt dans...""",current_situation,"""Choisis le domaine le plus proche de ton activité actuelle""",,,,,8,"""Tourisme / Hôtellerie""",,,FR,,,TRUE
64,select,,,,,,FALSE,"""Aujourd'hui, tu travailles plutôt dans...""",current_situation,"""Choisis le domaine le plus proche de ton activité actuelle""",,,,,9,"""Social / Médico-social / Éducation""",,,FR,,,TRUE
64,select,,,,,,FALSE,"""Aujourd'hui, tu travailles plutôt dans...""",current_situation,"""Choisis le domaine le plus proche de ton activité actuelle""",,,,,10,"""Artisanat / Manuel / Service à la personne""",,,FR,,,TRUE
64,select,,,,,,FALSE,"""Aujourd'hui, tu travailles plutôt dans...""",current_situation,"""Choisis le domaine le plus proche de ton activité actuelle""",,,,,11,"""Direction / Management""",,,FR,,,TRUE
64,select,50,,,,FALSE,"""Aujourd'hui, tu travailles plutôt dans...""",current_situation,"""Choisis le domaine le plus proche de ton activité actuelle""",,,,,12,"""Autre""","""Précise ton secteur ici""",FR,,,TRUE
64,select,,,,,,FALSE,"""Aujourd'hui, tu travailles plutôt dans...""",current_situation,"""Choisis le domaine le plus proche de ton activité actuelle""",,,,,13,"""Je ne travaille pas actuellement""",,,FR,,,TRUE
65,free_text,2000,,,,,FALSE,"Dis-moi ce qui te manque aujourd'hui dans ton travail et ce qui te ferait vibrer",motivation,"Parle librement","Pas besoin de préparer, parle comme à un ami",,,,,,,,FR,,,TRUE
66,free_text,2000,,,,,FALSE,"Qu'est-ce qui te passionne, t'ennuie, ou te fait rêver quand tu penses à ton futur métier ?",motivation,"Parle librement","Pas besoin de préparer, parle comme à un ami",,,,,,,,FR,,,TRUE
67,free_text,2000,,,,,FALSE,"Quand tu penses à ton travail actuel (ou dernier en date), qu’est-ce qui te vient à l’esprit ?",motivation,"Parle librement","Pas besoin de préparer, parle comme à un ami",,,,,,,,FR,,,TRUE
68,free_text,2000,,,,,FALSE,"Qu’est-ce que tu aimerais retrouver ou découvrir dans ton futur travail ?",motivation,"Parle librement","Pas besoin de préparer, parle comme à un ami",,,,,,,,FR,,,TRUE
69,free_text,2000,,,,,FALSE,"Quelles sont les missions/activités qui te stimulent le plus ?",motivation,"Parle librement","Pas besoin de préparer, parle comme à un ami",,,,,,,,FR,,,TRUE
70,free_text,200,,,,,FALSE,"Quelle est ta situation ?",profil,,,,,,1,,,,FR,,,TRUE